{
  "cloudant_apikey": "REPLACEME.kasanashare-cloudant-1655404511342.apikey",
  "cloudant_host": "REPLACEME.kasanashare-cloudant-1655404511342.host",
  "cloudant_iam_apikey_description": "REPLACEME.kasanashare-cloudant-1655404511342.iam_apikey_description",
  "cloudant_iam_apikey_name": "REPLACEME.kasanashare-cloudant-1655404511342.iam_apikey_name",
  "cloudant_iam_role_crn": "REPLACEME.kasanashare-cloudant-1655404511342.iam_role_crn",
  "cloudant_iam_serviceid_crn": "REPLACEME.kasanashare-cloudant-1655404511342.iam_serviceid_crn",
  "cloudant_password": "REPLACEME.kasanashare-cloudant-1655404511342.password",
  "cloudant_port": 443,
  "cloudant_url": "REPLACEME.kasanashare-cloudant-1655404511342.url",
  "cloudant_username": "REPLACEME.kasanashare-cloudant-1655404511342.username"
}
